date,precipitation,avg_temp,max_temp,min_temp
1895-01-01,1.5,7.3,17.3,-2.6
1895-02-01,0.52,8.9,20.7,-2.8
1895-03-01,0.47,25.7,37.3,14.1
1895-04-01,1.21,46.3,59,33.7
1895-05-01,4.33,56.2,69.4,43
1895-06-01,3.08,66.2,79.2,53.3
1895-07-01,2.79,66.7,80.6,52.7
1895-08-01,2.48,67.2,80.5,54
1895-09-01,3.48,62,74,49.9
1895-10-01,0.52,39.8,51.9,27.7
1895-11-01,1.46,28.9,37.7,20.1
1895-12-01,1.4,20.2,27.8,12.5
1896-01-01,1.06,15.4,24.3,6.5
1896-02-01,0.43,18.1,28.6,7.7
1896-03-01,1.52,23.2,33.5,13
1896-04-01,4.85,46.4,57.1,35.6
1896-05-01,4.94,61.5,73.4,49.6
1896-06-01,3.62,66,79.5,52.6
1896-07-01,2.97,68.6,80.8,56.4
1896-08-01,2.88,67.5,80,55
1896-09-01,3.69,54.1,65,43.2
1896-10-01,2.59,41.8,53.2,30.5
1896-11-01,2.96,24.8,33,16.8
1896-12-01,0.81,21.7,29.1,14.2
1897-01-01,1.92,12.6,21.4,3.9
1897-02-01,1.23,19.2,28,10.4
1897-03-01,2.62,24.6,34.7,14.4
1897-04-01,2.17,42.4,52.9,31.9
1897-05-01,1.92,52.8,65.8,39.7
1897-06-01,5.58,62,74,49.9
1897-07-01,4.08,71.5,83.5,59.6
1897-08-01,2.69,63.5,75.4,51.6
1897-09-01,2.29,63.6,76.3,50.9
1897-10-01,1.62,50,61.1,38.8
1897-11-01,1.24,27.8,37,18.6
1897-12-01,0.96,13.3,22.6,4.1
1898-01-01,0.9,18.5,27.6,9.4
1898-02-01,1.53,18.4,28,8.9
1898-03-01,2.38,32.2,42.3,22.1
1898-04-01,1.99,42,53.9,30.1
1898-05-01,2.87,54.9,67.6,42.2
1898-06-01,3.71,65.9,78.3,53.4
1898-07-01,2.4,70.1,83.6,56.5
1898-08-01,3.19,65.9,78.1,53.6
1898-09-01,1.92,61,73.4,48.6
1898-10-01,4.21,44,52.9,35.1
1898-11-01,1.53,29.3,38.6,20
1898-12-01,0.39,12.6,22.5,2.7
1899-01-01,0.93,10.2,20.2,0.3
1899-02-01,1.12,5.7,17,-5.6
1899-03-01,2.21,17.4,28.5,6.4
1899-04-01,2.47,45.4,58,32.8
1899-05-01,4.5,55.1,67.2,42.9
1899-06-01,5.49,65.2,77.5,52.9
1899-07-01,3.15,69.1,81.5,56.7
1899-08-01,3.68,68.6,80.5,56.6
1899-09-01,2.48,55.2,66.9,43.4
1899-10-01,2.92,50.1,61.7,38.5
1899-11-01,0.98,37.7,47.1,28.4
1899-12-01,1.73,18.1,26.3,9.8
1900-01-01,1.01,19.1,27.3,10.9
1900-02-01,1.4,8.1,20.2,-3.9
1900-03-01,1.34,22.4,32.2,12.5
1900-04-01,2.56,46.6,59,34.3
1900-05-01,1.62,57.4,71.3,43.6
1900-06-01,2.03,64.7,78.6,50.9
1900-07-01,7.88,67.5,79.2,55.8
1900-08-01,4.86,72.8,84,61.6
1900-09-01,5.96,59.6,70.4,48.8
1900-10-01,6.1,54.7,65.4,44
1900-11-01,1.36,27.5,34.7,20.3
1900-12-01,0.81,20.8,27.9,13.6
1901-01-01,0.7,14.3,23.9,4.7
1901-02-01,0.67,9.7,21,-1.6
1901-03-01,3,26.1,35.3,16.8
1901-04-01,0.96,45.4,58.3,32.6
1901-05-01,2.3,55.6,69,42.3
1901-06-01,4.11,66.2,79.2,53.2
1901-07-01,4.46,73.7,86,61.4
1901-08-01,1.85,67.8,80.8,54.7
1901-09-01,4.17,57.4,68.8,46.1
1901-10-01,2.48,48.3,59.7,37
1901-11-01,0.89,28.9,37.7,20.1
1901-12-01,0.87,15.1,23.2,7
1902-01-01,0.81,15.4,24.8,6
1902-02-01,1.22,14.2,25.4,3.1
1902-03-01,1.28,34.3,44.7,23.9
1902-04-01,2.02,42.4,54.6,30.1
1902-05-01,5.14,56.9,68.6,45.2
1902-06-01,3.69,60.5,71.9,49.1
1902-07-01,6.23,69.3,80.6,57.9
1902-08-01,2.22,63.9,75.4,52.3
1902-09-01,3.24,55.2,65.8,44.7
1902-10-01,1.89,46.5,57.6,35.5
1902-11-01,2.72,36.4,43.6,29.2
1902-12-01,2.31,16.4,24.5,8.3
1903-01-01,0.49,13,22.6,3.4
1903-02-01,1.04,14.6,25.7,3.4
1903-03-01,2.38,34.1,43.5,24.8
1903-04-01,3.06,43.5,54.9,32.1
1903-05-01,5.59,56.4,68.3,44.4
1903-06-01,1.67,60.9,74.3,47.5
1903-07-01,6.13,67.5,79.1,55.9
1903-08-01,6.35,62.3,72.4,52.2
1903-09-01,5.44,56.7,67.6,45.8
1903-10-01,2.42,47,58.9,35.1
1903-11-01,0.96,27.8,37.3,18.3
1903-12-01,0.84,10.1,19.8,0.5
1904-01-01,0.47,5.7,15.9,-4.4
1904-02-01,1.1,4.7,16.2,-6.8
1904-03-01,2.13,26.1,34.9,17.2
1904-04-01,1.83,37.8,48.9,26.6
1904-05-01,4.45,54.5,67.4,41.6
1904-06-01,3.94,63.1,75.4,50.8
1904-07-01,3.25,65.7,77.7,53.6
1904-08-01,3.02,63.1,75.2,51.1
1904-09-01,4.96,57.2,68.1,46.2
1904-10-01,4.2,46,55.5,36.4
1904-11-01,0.23,35.1,44.9,25.2
1904-12-01,1.84,16.3,24.9,7.7
1905-01-01,0.96,5.9,16.2,-4.5
1905-02-01,1.02,8.8,20,-2.4
1905-03-01,1.62,31.2,40.8,21.6
1905-04-01,1.43,41.8,53.1,30.6
1905-05-01,4.99,52.4,64.5,40.3
1905-06-01,6.47,62.9,74.5,51.4
1905-07-01,3.82,66.7,77.6,55.9
1905-08-01,4.68,67,78.1,55.9
1905-09-01,3.3,60.4,71.5,49.2
1905-10-01,2.77,44.3,54.8,33.8
1905-11-01,1.94,31.8,41,22.7
1905-12-01,0.94,21.6,30.4,12.9
1906-01-01,2.13,18.9,28.5,9.3
1906-02-01,0.73,14.5,25.8,3.3
1906-03-01,2.26,20,29.7,10.4
1906-04-01,1.55,46.2,58.7,33.6
1906-05-01,4.43,53.6,66.3,40.9
1906-06-01,4.62,63.6,75.4,51.8
1906-07-01,2.49,67.2,79.8,54.6
1906-08-01,4.21,68.4,79.6,57.3
1906-09-01,3.54,62.6,74.1,51.1
1906-10-01,2.89,45.4,55.8,34.8
1906-11-01,2.99,31.5,38.2,24.7
1906-12-01,1.52,19.8,27.4,12.1
1907-01-01,1.76,10.4,19.5,1.3
1907-02-01,0.55,16.2,27.8,4.6
1907-03-01,1.74,31.6,41.6,21.6
1907-04-01,2.16,34.8,44.8,24.7
1907-05-01,2.45,46.7,58.7,34.7
1907-06-01,3.21,63.1,75.6,50.6
1907-07-01,4.6,67.4,78.9,55.8
1907-08-01,4.27,64.3,75.8,52.8
1907-09-01,4.95,56.6,66.5,46.6
1907-10-01,0.79,44,55.4,32.5
1907-11-01,1.15,31.2,39.1,23.2
1907-12-01,1.01,21.4,30,12.9
1908-01-01,0.78,17.1,27.2,7
1908-02-01,1.54,18.1,27.1,9
1908-03-01,2.02,29.2,38.9,19.5
1908-04-01,3.36,43.8,55.5,32
1908-05-01,5.06,54.9,66.3,43.5
1908-06-01,4.17,63,74.8,51.2
1908-07-01,3.57,68.7,80.6,56.9
1908-08-01,1.8,65.4,78.2,52.5
1908-09-01,2.4,63.7,77.4,50
1908-10-01,1.54,47.8,58.1,37.5
1908-11-01,1.57,33.4,42.4,24.4
1908-12-01,1.19,18.5,27.3,9.7
1909-01-01,1.15,15,24.3,5.8
1909-02-01,1.54,18.6,28,9.2
1909-03-01,1.23,26.4,35.3,17.6
1909-04-01,4.15,36.5,46,27
1909-05-01,2.85,52.4,64.5,40.3
1909-06-01,3.41,64.6,76.9,52.3
1909-07-01,3.09,67.8,80.6,55
1909-08-01,3.64,69.5,80.9,58
1909-09-01,3.11,57.2,68.8,45.7
1909-10-01,1.4,43.6,54.1,33
1909-11-01,3.82,37.1,45.9,28.2
1909-12-01,2.02,13.2,20.6,5.8
1910-01-01,1.21,12.8,22.9,2.7
1910-02-01,0.77,11.4,23,-0.2
1910-03-01,0.13,40.7,53.5,27.9
1910-04-01,2.94,47.1,60.4,33.8
1910-05-01,2.37,50.4,63.3,37.4
1910-06-01,0.9,66.4,81.5,51.2
1910-07-01,1.95,70.5,85.3,55.7
1910-08-01,3.66,66.6,78.8,54.4
1910-09-01,3.27,57.1,68.6,45.5
1910-10-01,1.35,49.7,61.8,37.6
1910-11-01,1.19,26.2,32.6,19.9
1910-12-01,0.79,15.5,24,7
1911-01-01,0.89,12.3,23,1.7
1911-02-01,1.66,21.2,30.1,12.4
1911-03-01,1.09,31.8,42.7,20.9
1911-04-01,1.66,41.7,52.5,30.9
1911-05-01,4.57,59.6,72.7,46.6
1911-06-01,3.42,69.1,81.6,56.5
1911-07-01,3.99,68.7,81.7,55.6
1911-08-01,3.8,64.5,76.5,52.5
1911-09-01,5.14,57.4,68.4,46.5
1911-10-01,5.74,43.8,52.7,35
1911-11-01,2.54,24.1,32.4,15.7
1911-12-01,2.07,23.9,31.1,16.6
1912-01-01,0.66,-5.1,5,-15.2
1912-02-01,0.55,10.5,20.4,0.6
1912-03-01,0.79,20.3,31.6,9
1912-04-01,2.27,44.4,56.9,32
1912-05-01,5.54,55.2,67.6,42.9
1912-06-01,1.41,62,75.3,48.6
1912-07-01,6.07,68.1,79.6,56.6
1912-08-01,5.95,62.7,72.4,53
1912-09-01,3.65,58.6,69.2,48
1912-10-01,2.04,47.6,59.1,36
1912-11-01,0.87,33.4,42.8,24
1912-12-01,1.87,22.4,31.4,13.4
1913-01-01,0.87,13.6,23.8,3.4
1913-02-01,1.01,10.4,21.3,-0.4
1913-03-01,2.89,23.5,34.8,12.3
1913-04-01,1.97,45,57.1,32.8
1913-05-01,5.51,53,64.8,41.2
1913-06-01,3.12,66.5,79.9,53.1
1913-07-01,6.63,67.6,79.3,55.9
1913-08-01,2.52,67.5,79.1,55.8
1913-09-01,3.65,58,69.7,46.3
1913-10-01,2.98,44.7,55,34.5
1913-11-01,1.49,36.9,45.7,28
1913-12-01,0.22,27.6,36.1,19.1
1914-01-01,1.2,20.4,28.3,12.5
1914-02-01,0.62,7,19.2,-5.3
1914-03-01,1.49,26.6,36.7,16.6
1914-04-01,2.96,41.2,52.5,29.9
1914-05-01,3.44,57.1,69.8,44.4
1914-06-01,7.17,63.1,74.6,51.6
1914-07-01,3.33,70.7,82.9,58.5
1914-08-01,4.05,65.7,77.5,53.8
1914-09-01,4.1,58.3,69.6,46.9
1914-10-01,2.3,51.8,63.3,40.3
1914-11-01,1.01,32.4,42,22.9
1914-12-01,0.81,12,20.2,3.7
1915-01-01,1.35,10.8,20.4,1.2
1915-02-01,2.16,23.8,31.7,15.8
1915-03-01,0.59,26.3,36,16.5
1915-04-01,0.98,51.4,64.5,38.4
1915-05-01,4.91,49.8,60.3,39.3
1915-06-01,4.05,59.1,70.8,47.4
1915-07-01,4.13,64.4,75.7,53
1915-08-01,3.59,61,73.3,48.6
1915-09-01,5.21,58.3,69.5,47.1
1915-10-01,1.97,47.4,58.1,36.8
1915-11-01,3.23,33.2,41.4,24.9
1915-12-01,0.81,19.4,27,11.9
1916-01-01,2.39,13.1,23.5,2.7
1916-02-01,0.77,11.2,21,1.5
1916-03-01,1.99,23.5,34.8,12.2
1916-04-01,3.07,41.8,52.4,31.2
1916-05-01,4.02,53.3,65,41.5
1916-06-01,6.18,59.1,69.6,48.7
1916-07-01,1.63,74.9,88,61.8
1916-08-01,3.07,68.6,81.4,55.7
1916-09-01,4.96,56,67.2,44.9
1916-10-01,3.17,45.5,56.2,34.8
1916-11-01,1.7,30.2,39.3,21.2
1916-12-01,0.93,12,21.8,2.2
1917-01-01,1.47,7.3,19,-4.3
1917-02-01,0.75,4.8,16.8,-7.1
1917-03-01,2.26,26.2,36.2,16.2
1917-04-01,2.55,39.3,49.8,28.9
1917-05-01,2.42,49.6,63.2,36
1917-06-01,5.09,59.6,71.3,47.9
1917-07-01,3.01,69.1,81,57.2
1917-08-01,2.86,63.2,75.6,50.8
1917-09-01,2.91,56,68.1,43.9
1917-10-01,3.35,36.5,44.9,28.1
1917-11-01,0.3,34.4,43.4,25.4
1917-12-01,0.55,9.7,18.3,1.1
1918-01-01,1.68,1.8,10.9,-7.3
1918-02-01,1.1,13.9,25.6,2.2
1918-03-01,1.45,34,46.4,21.7
1918-04-01,2.02,39.7,52.6,26.8
1918-05-01,6.53,57.4,70.1,44.8
1918-06-01,2.29,63.2,75.3,51.2
1918-07-01,2.88,66.9,79.2,54.6
1918-08-01,3.78,68,80.6,55.4
1918-09-01,1.74,51.8,64.2,39.4
1918-10-01,2.55,48.1,59.2,37
1918-11-01,2.25,35.3,43.1,27.5
1918-12-01,1.63,26.1,32.3,20
1919-01-01,0.57,19.8,28.2,11.4
1919-02-01,1.81,18.3,27.6,9
1919-03-01,1.65,29.4,40.2,18.6
1919-04-01,3.44,42.9,53.6,32.3
1919-05-01,2.72,53.4,66,40.8
1919-06-01,5.09,68.7,79.3,58
1919-07-01,4.48,70.8,83.2,58.3
1919-08-01,2.84,65.1,77.2,53.1
1919-09-01,3.59,60.1,71.8,48.4
1919-10-01,3.8,44.6,54.4,34.7
1919-11-01,3.11,27.5,35.2,19.8
1919-12-01,0.76,8,16.8,-0.8
1920-01-01,1.36,5.1,15.4,-5.2
1920-02-01,0.53,13.8,23.8,3.8
1920-03-01,3.2,28.9,39.9,17.8
1920-04-01,2.4,36.7,46.8,26.5
1920-05-01,2.68,53.7,67.4,40
1920-06-01,6.44,65.4,77.4,53.4
1920-07-01,2.45,66,78.1,53.8
1920-08-01,2.67,64.7,78.2,51.2
1920-09-01,1.89,61.3,73.9,48.6
1920-10-01,2.25,53.2,65.5,40.9
1920-11-01,2.3,30.2,36.8,23.6
1920-12-01,1.89,21.9,28.6,15.2
1921-01-01,0.51,20.2,28,12.3
1921-02-01,0.69,21.7,31.3,12.2
1921-03-01,2.24,32.6,42.5,22.7
1921-04-01,4.16,48,60,36
1921-05-01,3.46,57.5,69.8,45.3
1921-06-01,2.44,69.6,81.8,57.3
1921-07-01,3.8,75,87.5,62.4
1921-08-01,3.61,66.7,78.9,54.6
1921-09-01,4.93,61.8,73.1,50.5
1921-10-01,1.91,47.7,57.7,37.7
1921-11-01,1.28,26.8,34,19.6
1921-12-01,1.93,19,27.2,10.8
1922-01-01,0.83,10.6,21.9,-0.8
1922-02-01,3.2,13.4,24.9,1.8
1922-03-01,2,29.2,38.7,19.6
1922-04-01,3.56,42.3,52.6,31.9
1922-05-01,3.55,60.5,72.5,48.5
1922-06-01,4.42,65.5,77.4,53.6
1922-07-01,3.89,66.4,77.7,55.1
1922-08-01,1.84,67.5,80.1,54.9
1922-09-01,3.43,60.9,73.2,48.6
1922-10-01,1.01,48.9,60.8,36.9
1922-11-01,3.27,37,43.1,30.8
1922-12-01,0.7,16.4,25.6,7.2
1923-01-01,1.42,15.7,24.3,7
1923-02-01,0.67,8.4,20.2,-3.4
1923-03-01,2.15,20,31.6,8.4
1923-04-01,2.17,39.7,51.5,28
1923-05-01,2.17,54.4,68.4,40.4
1923-06-01,4.95,68.2,80.5,55.9
1923-07-01,3.35,70.7,83.1,58.3
1923-08-01,2.8,64,76.4,51.5
1923-09-01,3.15,58.5,69.6,47.4
1923-10-01,1.57,44.6,56.2,33
1923-11-01,0.74,35.2,44.4,26
1923-12-01,1.35,28.1,36.4,19.9
1924-01-01,0.82,4.2,15.6,-7.2
1924-02-01,1.02,18.5,28,9.1
1924-03-01,2.17,26.2,35.1,17.4
1924-04-01,4.09,40.9,51,30.7
1924-05-01,3.22,47.6,58.8,36.5
1924-06-01,4.18,60.6,72.2,48.9
1924-07-01,3.54,65.4,77.7,53.2
1924-08-01,7.02,64.1,75.3,52.9
1924-09-01,3.33,53.6,64.4,42.8
1924-10-01,0.71,52.1,64.8,39.3
1924-11-01,1.59,31.5,40.5,22.5
1924-12-01,1.12,9,17.8,0.2
1925-01-01,0.44,12.8,22.6,2.9
1925-02-01,1.07,19.3,29.1,9.4
1925-03-01,0.86,30.8,42.1,19.6
1925-04-01,2.01,48.1,61.8,34.4
1925-05-01,1.2,50.9,65.3,36.5
1925-06-01,6.43,65,76.4,53.6
1925-07-01,4.34,67.4,79,55.7
1925-08-01,2.2,67.4,80.3,54.5
1925-09-01,4.82,61.5,72.9,50
1925-10-01,1.92,36.5,44.4,28.6
1925-11-01,1.01,29.8,39.4,20.1
1925-12-01,1.45,14.1,22,6.1
1926-01-01,0.8,13.7,24.1,3.2
1926-02-01,1.64,19.4,29,9.9
1926-03-01,1.7,21.4,31.7,11
1926-04-01,1.66,38.8,51.4,26.1
1926-05-01,3.53,56.3,70.3,42.3
1926-06-01,4.09,59.7,71.8,47.5
1926-07-01,3.78,68,80,56.2
1926-08-01,4.64,66,76.5,55.5
1926-09-01,6.38,55.5,64.8,46.3
1926-10-01,2.98,43.8,53.2,34.4
1926-11-01,2.75,26,33.5,18.4
1926-12-01,1.51,13.6,22.8,4.4
1927-01-01,0.8,10.3,20.2,0.3
1927-02-01,0.61,21.5,31.4,11.6
1927-03-01,2.21,33.7,43.2,24.1
1927-04-01,2.39,42.4,52.6,32.2
1927-05-01,4.62,51.4,61.9,40.9
1927-06-01,2.83,61,73.1,49
1927-07-01,4.18,66.2,78.6,53.9
1927-08-01,1.21,61.5,75.2,47.8
1927-09-01,5.06,60.7,71.2,50.2
1927-10-01,2.98,48.6,60,37.2
1927-11-01,2.45,30.6,38,23.2
1927-12-01,1.94,10.9,20.7,1.1
1928-01-01,0.47,15,23.8,6.2
1928-02-01,1.48,18.1,28.2,8.1
1928-03-01,1.41,27.8,38.7,17
1928-04-01,2.57,36.9,47.9,25.8
1928-05-01,2.1,56.2,69.5,42.8
1928-06-01,4.23,59.3,70.7,48
1928-07-01,4.05,68.5,79.7,57.3
1928-08-01,6.07,66.6,78,55.2
1928-09-01,4.18,54.5,65.8,43.2
1928-10-01,4.11,47.8,57.8,37.9
1928-11-01,1.81,33.8,40.8,26.8
1928-12-01,1,22.5,29.9,15.1
1929-01-01,2.55,0.9,12.2,-10.3
1929-02-01,1.19,7.5,18.8,-3.8
1929-03-01,1.56,31,40.7,21.3
1929-04-01,3.82,44.4,55.1,33.6
1929-05-01,2.32,51.1,63.4,38.8
1929-06-01,3.84,61.7,73.9,49.5
1929-07-01,3.31,69.1,81.6,56.6
1929-08-01,1.91,65.3,78,52.6
1929-09-01,3.62,57.3,68.8,45.7
1929-10-01,1.99,45.9,56.8,35.1
1929-11-01,0.93,27.5,36,19
1929-12-01,0.65,17.6,25,10.3
1930-01-01,1.1,6.1,16,-3.8
1930-02-01,1.41,23.2,33.6,12.9
1930-03-01,1.28,28.6,39,18.1
1930-04-01,1.95,44.3,57,31.6
1930-05-01,3.62,55.6,67.2,44
1930-06-01,5.5,65.2,76.9,53.5
1930-07-01,2.64,69.9,83.3,56.6
1930-08-01,1.06,68.6,83.1,54.2
1930-09-01,3.2,59.2,72.5,46
1930-10-01,2.4,45,53.7,36.2
1930-11-01,1.34,34.9,45.1,24.7
1930-12-01,0.39,20,27.4,12.6
1931-01-01,0.63,21.4,29.2,13.6
1931-02-01,0.59,27.2,36.8,17.6
1931-03-01,1.58,28.8,37,20.6
1931-04-01,1.24,45,58,32
1931-05-01,1.77,52.8,65.3,40.4
1931-06-01,4.86,68.4,80.1,56.7
1931-07-01,2.09,72.4,85.6,59.2
1931-08-01,2.75,66.2,79.1,53.4
1931-09-01,5.65,64.4,75.9,52.7
1931-10-01,3.11,51.1,60.8,41.4
1931-11-01,4.21,38.8,47.4,30.1
1931-12-01,1.07,27.8,34.1,21.6
1932-01-01,1.96,20.4,27.7,13.1
1932-02-01,1.35,18.9,30.1,7.8
1932-03-01,1.12,20.5,29.7,11.3
1932-04-01,1.6,41.3,52.8,29.8
1932-05-01,3.06,55.3,67.5,43
1932-06-01,3.01,67.1,79.7,54.4
1932-07-01,3.05,70,82.8,57.2
1932-08-01,3.81,68,80.6,55.3
1932-09-01,1.4,56.8,70.2,43.3
1932-10-01,1.82,43.9,53.8,34
1932-11-01,1.93,27.7,36.6,18.7
1932-12-01,1.7,16.2,25.4,7
1933-01-01,1.14,22.4,32,12.8
1933-02-01,1.11,12.2,23.5,0.9
1933-03-01,1.93,27,35.5,18.5
1933-04-01,2.71,40.9,51.2,30.6
1933-05-01,4.88,55.8,66.7,44.9
1933-06-01,2.59,72,85.2,58.8
1933-07-01,2.88,71.4,84.1,58.7
1933-08-01,1.58,65.8,79.7,51.8
1933-09-01,3.32,62.9,75.3,50.5
1933-10-01,2.32,43.6,54.4,32.9
1933-11-01,0.8,28.2,36.4,20.1
1933-12-01,1.24,15.9,24.7,7.1
1934-01-01,0.8,20.6,28.7,12.4
1934-02-01,0.34,13,23.5,2.6
1934-03-01,1.46,24.8,35,14.5
1934-04-01,2.08,41.3,51.5,31.1
1934-05-01,1.29,61.8,77.4,46.3
1934-06-01,3.88,68.6,81.8,55.4
1934-07-01,2.79,70.7,83.7,57.7
1934-08-01,2.86,64.6,77.6,51.6
1934-09-01,6.32,56.3,66.7,45.8
1934-10-01,2.42,49,59.7,38.4
1934-11-01,4.81,35.8,43,28.6
1934-12-01,1.31,14.3,22.7,5.9
1935-01-01,1.93,9.7,20.1,-0.7
1935-02-01,0.82,19.6,28.3,10.8
1935-03-01,1.35,30.5,39.8,21.2
1935-04-01,2.42,40.7,50.8,30.5
1935-05-01,2.58,50.2,61.7,38.8
1935-06-01,5.2,60.1,70.8,49.5
1935-07-01,4.53,73.6,84.8,62.5
1935-08-01,4.21,67.4,78,56.6
1935-09-01,2.37,57.5,69.2,45.8
1935-10-01,2.66,46,56.7,35.3
1935-11-01,1.97,28.4,35.3,21.5
1935-12-01,0.88,16.9,23.6,10.2
1936-01-01,1.22,6.6,15.2,-2.1
1936-02-01,1.56,0.4,11.6,-10.8
1936-03-01,1.73,29,37.7,20.3
1936-04-01,1.23,36.8,47,26.6
1936-05-01,2.85,59.6,72.6,46.5
1936-06-01,2.25,62.2,75.3,49
1936-07-01,0.99,74.4,89.4,59.4
1936-08-01,5.14,69.5,82.2,56.7
1936-09-01,3.41,61.4,72.9,50
1936-10-01,2.16,43.2,53.7,32.6
1936-11-01,0.96,28.2,37.1,19.4
1936-12-01,1.86,21.3,30.3,12.3
1937-01-01,2.2,8.8,20.8,-3
1937-02-01,1.93,14.1,24.3,3.9
1937-03-01,0.59,24.3,34.4,14.2
1937-04-01,3.21,40.4,49.4,31.4
1937-05-01,3.1,55.9,68.1,43.7
1937-06-01,2.79,63.4,75.3,51.6
1937-07-01,2.16,71.2,84,58.4
1937-08-01,2.88,72.1,85,59.2
1937-09-01,3.08,59,71.5,46.4
1937-10-01,3.08,43,52.8,33.3
1937-11-01,1.5,29,37.4,20.7
1937-12-01,0.82,15.3,23.4,7.2
1938-01-01,1.8,12.2,20.5,3.9
1938-02-01,1.95,21.1,29.6,12.6
1938-03-01,2.6,34.7,45.9,23.6
1938-04-01,3.15,44,54.7,33.2
1938-05-01,5.3,54.1,64.8,43.4
1938-06-01,5.19,63.4,74.6,52.2
1938-07-01,4.41,68.8,79.3,58.4
1938-08-01,4.89,69.4,80.8,57.9
1938-09-01,7.01,58,68.4,47.6
1938-10-01,1.34,51.2,62.6,39.8
1938-11-01,2.45,32.1,40.1,24
1938-12-01,1.19,18.6,26.2,11
1939-01-01,1.78,19.1,27.2,11
1939-02-01,1.72,11.8,23.7,-0.2
1939-03-01,0.97,27,38.1,15.9
1939-04-01,2.34,39.5,50.8,28.3
1939-05-01,2.83,58.9,72.6,45.2
1939-06-01,5.51,65.5,76.4,54.6
1939-07-01,2.02,70.4,83.1,57.7
1939-08-01,3.64,67.1,79.2,55
1939-09-01,2.52,60.9,73.6,48.2
1939-10-01,1.79,46.3,56.8,35.8
1939-11-01,0.34,33.4,43.9,22.8
1939-12-01,0.86,26.6,34.3,18.9
1940-01-01,0.83,6.9,15.6,-1.8
1940-02-01,1.05,19,27.7,10.3
1940-03-01,1.32,21.9,31.2,12.6
1940-04-01,2.4,39.8,50.9,28.6
1940-05-01,3.53,51.8,63.5,40.2
1940-06-01,6.36,63.9,75.3,52.4
1940-07-01,2.71,70,82.1,57.8
1940-08-01,5.95,65.5,74.9,56.1
1940-09-01,1.21,59.8,71.6,48
1940-10-01,2.18,49.3,59.8,38.7
1940-11-01,3.38,28.6,36.4,20.9
1940-12-01,1.42,20.5,27.9,13.1
1941-01-01,1.33,16.4,24.1,8.8
1941-02-01,0.73,15.4,25.6,5.2
1941-03-01,1.27,23.8,33.8,13.7
1941-04-01,2.21,48.7,60.3,37.1
1941-05-01,4.24,59.3,71.8,46.8
1941-06-01,2.75,65.6,76.8,54.4
1941-07-01,2.75,70.1,82.2,57.9
1941-08-01,5.04,67.3,79.7,54.8
1941-09-01,6.48,60.6,70.9,50.2
1941-10-01,4.8,47.8,57.2,38.4
1941-11-01,1.36,34.7,42.6,26.7
1941-12-01,1.38,25.8,32.8,18.8
1942-01-01,0.61,16.2,24.6,7.7
1942-02-01,0.53,16.8,25.7,8
1942-03-01,2.44,32.2,40.2,24.2
1942-04-01,1.74,48.8,62.2,35.5
1942-05-01,6.41,53.3,64.7,41.9
1942-06-01,4.6,63.8,74.4,53.2
1942-07-01,4.19,67.8,79.2,56.4
1942-08-01,2.67,66.2,77.2,55.2
1942-09-01,6.59,55.6,65.7,45.5
1942-10-01,1.93,47.1,59.3,34.9
1942-11-01,1.87,31.4,40.6,22.1
1942-12-01,1.8,14,21.2,6.7
1943-01-01,1.57,9.2,19,-0.5
1943-02-01,0.55,16.5,28.7,4.4
1943-03-01,2.13,21.4,32.6,10.2
1943-04-01,1.67,40.5,52.2,28.8
1943-05-01,4.5,53,64.4,41.4
1943-06-01,6.04,67,77.6,56.3
1943-07-01,2.83,70.8,82.8,58.8
1943-08-01,4.28,68,79.1,56.8
1943-09-01,1.98,54.2,65.5,42.9
1943-10-01,2.11,46.5,58.2,34.7
1943-11-01,1.98,27.5,35.1,19.9
1943-12-01,0.26,20.4,30,10.9
1944-01-01,0.93,23.3,32.8,14
1944-02-01,1.24,19.4,29.6,9.1
1944-03-01,2.05,24.4,33,15.8
1944-04-01,2.32,39.2,50.4,28.1
1944-05-01,3.85,58.8,70.4,47.2
1944-06-01,6.25,66.4,77.8,55.1
1944-07-01,2.47,67.8,79.9,55.8
1944-08-01,3.43,68.3,80.6,56
1944-09-01,3.03,59,69,48.9
1944-10-01,0.59,47,59.7,34.4
1944-11-01,2.3,36.6,42.8,30.3
1944-12-01,0.77,15.8,23.7,7.8
1945-01-01,0.7,10.1,18.6,1.5
1945-02-01,2.02,16.5,27.4,5.6
1945-03-01,2,38.2,50.2,26.2
1945-04-01,3.89,42.7,53.5,31.9
1945-05-01,4.17,49.6,61.3,37.8
1945-06-01,4.68,59.1,70.1,48.1
1945-07-01,3.5,66.1,77.7,54.4
1945-08-01,4.86,66.4,78.2,54.6
1945-09-01,3.59,57.1,68,46.1
1945-10-01,0.85,44.7,56.4,33.1
1945-11-01,3.53,30.6,38.4,22.9
1945-12-01,1.44,13.2,20.6,5.8
1946-01-01,1.97,15.7,24.9,6.6
1946-02-01,0.84,16,26.5,5.6
1946-03-01,1.76,38.7,49.4,28.1
1946-04-01,0.79,46,59.2,32.8
1946-05-01,2.86,52.4,65.2,39.6
1946-06-01,6.52,63,74.6,51.4
1946-07-01,1.7,68.8,81,56.5
1946-08-01,2.21,64.4,76.8,52
1946-09-01,4.74,57.4,69.4,45.3
1946-10-01,2.77,50,61.8,38.3
1946-11-01,2.31,32.6,41.8,23.3
1946-12-01,1.37,20.1,29.3,10.9
1947-01-01,1.11,17.9,27.4,8.5
1947-02-01,0.33,13.2,22.7,3.6
1947-03-01,1.11,25.8,35,16.6
1947-04-01,3.88,39.7,49.6,29.8
1947-05-01,3.77,49.3,60.6,38
1947-06-01,4.53,60.8,72.1,49.5
1947-07-01,2.66,68.1,80.6,55.6
1947-08-01,3.78,73.4,85.6,61.1
1947-09-01,3.69,59.8,71.1,48.5
1947-10-01,1.51,55.9,67.7,44.1
1947-11-01,2.15,26.2,33.1,19.4
1947-12-01,0.95,18.1,26.4,9.8
1948-01-01,0.49,7.5,18.8,-3.8
1948-02-01,1.67,14.2,25.3,3.1
1948-03-01,1.88,26.1,37.4,14.7
1948-04-01,2.52,46.9,59,34.7
1948-05-01,2.03,53.3,66.4,40.1
1948-06-01,3.01,63.4,75.6,51.3
1948-07-01,3.18,69.8,82.1,57.6
1948-08-01,1.99,68.3,81,55.5
1948-09-01,1.87,62.2,76,48.4
1948-10-01,1,46.3,58.6,34
1948-11-01,3.22,34.9,41,28.7
1948-12-01,1.3,18.7,27.3,10.1
1949-01-01,1.84,16,24.7,7.4
1949-02-01,0.68,15.2,25.6,4.9
1949-03-01,2.35,27.5,36.5,18.5
1949-04-01,1.57,43.7,56.7,30.6
1949-05-01,2.36,56.7,70,43.3
1949-06-01,4.93,68,80.3,55.8
1949-07-01,5.72,71.3,82.3,60.2
1949-08-01,2.25,68.4,80.5,56.3
1949-09-01,2.14,54.5,66.2,42.8
1949-10-01,1.86,50,61.7,38.3
1949-11-01,1.33,32.8,41,24.6
1949-12-01,1.2,19.5,28.2,10.7
1950-01-01,2.41,11.4,22.9,-0.1
1950-02-01,0.91,15.3,25.8,4.7
1950-03-01,2.23,22.2,31.6,12.7
1950-04-01,3.18,34.7,43.8,25.5
1950-05-01,2.96,53.1,65.5,40.8
1950-06-01,4.03,63.7,75.9,51.6
1950-07-01,5.58,65.4,77.2,53.6
1950-08-01,2.73,61.9,74,49.8
1950-09-01,1.96,57.2,68.4,45.9
1950-10-01,1.4,50.8,62.3,39.2
1950-11-01,1.26,26.8,35.4,18.2
1950-12-01,1.98,11.2,20.1,2.3
1951-01-01,0.83,9.5,19.5,-0.5
1951-02-01,1.71,16,26,5.9
1951-03-01,3.31,23.2,32.1,14.4
1951-04-01,3.96,40.3,49.2,31.3
1951-05-01,3.22,58,70.5,45.6
1951-06-01,4.88,60.7,71.9,49.5
1951-07-01,5.04,67.2,78.7,55.8
1951-08-01,4.5,63,73.1,53
1951-09-01,3.84,54.5,64.9,44
1951-10-01,3.92,46.4,55.9,36.9
1951-11-01,1.9,23.3,32.2,14.4
1951-12-01,1.21,16,23.9,8
1952-01-01,1.74,14,24,3.9
1952-02-01,0.62,21.6,31,12.2
1952-03-01,2.28,24.8,33.9,15.6
1952-04-01,1.62,45.8,58.6,32.9
1952-05-01,3.07,53.9,66.2,41.6
1952-06-01,4.78,65.9,77.4,54.4
1952-07-01,5.89,69.9,81.3,58.6
1952-08-01,4.68,65,76.3,53.7
1952-09-01,0.83,58.5,71.6,45.4
1952-10-01,0.17,41,54.6,27.3
1952-11-01,1.91,33.5,43.2,23.9
1952-12-01,1.17,22.8,29.1,16.5
1953-01-01,0.9,17.5,25.6,9.4
1953-02-01,2.13,17.4,27.7,7
1953-03-01,1.88,29.2,38,20.4
1953-04-01,3.52,39,48.3,29.6
1953-05-01,3.04,54.6,67.4,41.9
1953-06-01,4.86,66.1,78.1,54.1
1953-07-01,4.29,68.4,80,56.7
1953-08-01,3.92,68.1,79.8,56.3
1953-09-01,1.35,58.4,71.1,45.7
1953-10-01,0.36,52.4,66.3,38.6
1953-11-01,1.49,36.4,46.6,26.2
1953-12-01,1.84,21.5,29.5,13.5
1954-01-01,0.7,12.2,21.7,2.6
1954-02-01,0.78,27.7,37,18.3
1954-03-01,1.58,26,35.8,16.2
1954-04-01,5.18,44.4,56.1,32.6
1954-05-01,3.81,49.1,60.2,37.9
1954-06-01,6.13,66.6,78.1,55.2
1954-07-01,3.99,68.8,80,57.6
1954-08-01,2.97,65,76.4,53.6
1954-09-01,5.3,57.5,67.3,47.7
1954-10-01,4.05,45.6,55,36.1
1954-11-01,0.91,34.4,42.7,26.2
1954-12-01,0.8,20.7,27.9,13.5
1955-01-01,0.58,12.9,22,3.8
1955-02-01,1.02,15,25.3,4.6
1955-03-01,1.42,24.7,35.7,13.6
1955-04-01,2.91,49.4,61.5,37.3
1955-05-01,3.41,57.9,71.2,44.7
1955-06-01,3.55,63.5,74.8,52.2
1955-07-01,4.91,73.8,85.5,62.1
1955-08-01,3.07,71.1,83.3,59
1955-09-01,1.65,59,71.9,46.1
1955-10-01,3.16,48.1,58.8,37.4
1955-11-01,1.12,26.4,34.5,18.2
1955-12-01,1.03,13.1,22,4.1
1956-01-01,0.48,14.8,25,4.6
1956-02-01,0.48,15.2,27,3.5
1956-03-01,1.99,23.8,34.4,13.3
1956-04-01,2.09,39.4,50.6,28.3
1956-05-01,3.71,53.5,65.8,41.1
1956-06-01,4.07,67.1,79.4,54.7
1956-07-01,4.12,65.3,76,54.6
1956-08-01,4.55,66.1,77,55.2
1956-09-01,1.54,55.2,67.3,43
1956-10-01,1.02,52.6,65.2,40
1956-11-01,2.38,31.4,39.4,23.3
1956-12-01,0.72,20.8,29,12.6
1957-01-01,0.37,7.2,16.9,-2.5
1957-02-01,0.66,19.3,29.5,9.1
1957-03-01,0.92,28.2,38.9,17.6
1957-04-01,2.2,43.8,54.8,32.8
1957-05-01,4.24,53.2,64.9,41.4
1957-06-01,4.11,63.9,75.2,52.7
1957-07-01,3.89,70.4,81.9,59
1957-08-01,3.98,66.1,77.6,54.6
1957-09-01,2.47,56,67.5,44.5
1957-10-01,1.45,45,55.8,34.1
1957-11-01,2.91,31.1,37.7,24.4
1957-12-01,1.03,21.7,30.2,13.3
1958-01-01,0.52,17.6,25.4,9.9
1958-02-01,0.11,12.7,22.7,2.8
1958-03-01,0.52,29.6,38.8,20.3
1958-04-01,2.55,44,56.3,31.6
1958-05-01,2.1,54.7,69.2,40.2
1958-06-01,3.32,59.3,71.7,47
1958-07-01,4.24,66.3,77.9,54.7
1958-08-01,3.46,66.7,79.4,54
1958-09-01,3.25,58.9,69.9,47.8
1958-10-01,2.17,49.3,60.1,38.5
1958-11-01,1.86,33.5,42.3,24.6
1958-12-01,0.35,11.6,20.8,2.5
1959-01-01,0.74,6.5,16.7,-3.6
1959-02-01,1.21,12.2,24,0.5
1959-03-01,1.89,26.6,37.5,15.8
1959-04-01,2.04,42.9,54.2,31.6
1959-05-01,4.45,58.6,70.8,46.4
1959-06-01,2.92,65.7,77.6,53.9
1959-07-01,3.8,68,80.2,55.9
1959-08-01,6.88,70.5,80.6,60.5
1959-09-01,5.25,59.6,70.4,48.8
1959-10-01,4.1,42.8,50.5,35.1
1959-11-01,1.46,23,31.4,14.6
1959-12-01,2.27,26.5,33,19.9
1960-01-01,1.34,16.6,24.1,9.2
1960-02-01,0.72,17.8,26.9,8.8
1960-03-01,0.65,18.5,30.7,6.4
1960-04-01,3.63,44.4,55,33.7
1960-05-01,5.83,53.4,64.3,42.6
1960-06-01,3.96,61.4,73.3,49.5
1960-07-01,3.24,67,79.7,54.4
1960-08-01,5.76,67.9,78.8,56.9
1960-09-01,3.94,59.8,70.2,49.5
1960-10-01,2.39,46.8,57.8,35.9
1960-11-01,1.99,34.4,42.9,26
1960-12-01,0.46,16.6,25.4,7.9
1961-01-01,0.18,13,22.7,3.4
1961-02-01,1.23,24,34.3,13.6
1961-03-01,2.91,31.5,40.1,22.9
1961-04-01,2.13,38.9,49,28.8
1961-05-01,2.76,52,65.6,38.4
1961-06-01,3.03,64.5,77.6,51.5
1961-07-01,3.98,68,79.6,56.3
1961-08-01,2.48,67.9,80.1,55.7
1961-09-01,5.6,58.7,69,48.3
1961-10-01,3.39,48.5,59.2,37.9
1961-11-01,2.74,31.7,39.7,23.7
1961-12-01,1.27,16.1,24.2,8.1
1962-01-01,0.85,8.7,17.5,-0.1
1962-02-01,1.77,13.3,22.4,4.3
1962-03-01,1.35,27.1,36.2,18
1962-04-01,1.94,41.6,52.8,30.3
1962-05-01,4.48,58.9,69.6,48.3
1962-06-01,3.16,63.3,75,51.6
1962-07-01,3.61,65.3,76.4,54.2
1962-08-01,4.94,66.2,78.6,53.7
1962-09-01,3.33,55,66.2,43.9
1962-10-01,2.1,49.1,59,39.2
1962-11-01,0.5,33.4,41,25.8
1962-12-01,0.73,17.6,25.9,9.2
1963-01-01,0.53,3.1,11.4,-5.2
1963-02-01,0.54,10.1,21.4,-1.2
1963-03-01,1.94,30.4,41.6,19.2
1963-04-01,2.07,45.3,58.2,32.5
1963-05-01,2.94,52.8,65.1,40.5
1963-06-01,3.09,66.2,79.6,52.8
1963-07-01,3.08,69.8,82.6,57
1963-08-01,2.89,64.8,76.9,52.7
1963-09-01,3.51,58.6,70.2,47
1963-10-01,1.09,56.2,68.5,43.9
1963-11-01,1.54,37,45.7,28.4
1963-12-01,0.76,10.3,18.8,1.8
1964-01-01,0.72,19.7,28.9,10.4
1964-02-01,0.22,20.6,32,9.3
1964-03-01,1.46,26.4,36.4,16.4
1964-04-01,3.4,43.9,55.3,32.6
1964-05-01,4.38,59.4,72,46.8
1964-06-01,2.1,64.7,77.4,52
1964-07-01,3.56,71,83.6,58.4
1964-08-01,3.78,64.2,75.8,52.6
1964-09-01,5.02,56.8,66.9,46.6
1964-10-01,0.5,45.2,56.8,33.6
1964-11-01,2.09,35,44.2,25.9
1964-12-01,1.1,14.3,22.8,5.8
1965-01-01,0.9,10.4,20.2,0.5
1965-02-01,1.2,12.6,24,1.2
1965-03-01,2.4,20.8,29.9,11.7
1965-04-01,3.62,40,49.4,30.5
1965-05-01,4.39,58.1,70.4,45.9
1965-06-01,2.78,62.6,75,50.2
1965-07-01,4,66.4,78.5,54.4
1965-08-01,4.3,64.6,75.7,53.6
1965-09-01,7.67,54,63,45.1
1965-10-01,1.62,47.5,58.3,36.8
1965-11-01,2.81,32.3,40.4,24.2
1965-12-01,2.48,25.7,32.1,19.3
1966-01-01,1.06,5.3,16.1,-5.5
1966-02-01,1.23,16.9,26.9,6.9
1966-03-01,3.12,32.2,42,22.5
1966-04-01,1.76,39.8,49.7,30
1966-05-01,1.67,50,62.9,37.1
1966-06-01,3.06,65.3,78.1,52.6
1966-07-01,3.68,71.2,83.7,58.6
1966-08-01,4.4,64.5,75.7,53.2
1966-09-01,1.81,56.9,69,44.8
1966-10-01,2.32,46,57.5,34.5
1966-11-01,1.17,31.4,39,23.8
1966-12-01,1.69,18.2,26.1,10.4
1967-01-01,2.62,16.1,25.4,6.8
1967-02-01,1.07,9.8,21.6,-2
1967-03-01,1.35,28.4,38.5,18.4
1967-04-01,3.3,42.9,53.5,32.2
1967-05-01,2.33,49.2,61.9,36.5
1967-06-01,7.23,64.3,75.2,53.4
1967-07-01,2.14,66.1,77.9,54.3
1967-08-01,3.63,62.6,74.8,50.3
1967-09-01,2.11,56.7,69.4,44.1
1967-10-01,3.64,45.2,54.9,35.5
1967-11-01,0.93,28.9,36,21.8
1967-12-01,0.92,20.5,28.6,12.4
1968-01-01,0.88,13.7,22.8,4.6
1968-02-01,0.36,14.2,25,3.4
1968-03-01,1.17,36,48.1,24
1968-04-01,4.17,45.2,57.2,33.2
1968-05-01,4.56,51.8,63.1,40.5
1968-06-01,7.84,63.6,74.6,52.6
1968-07-01,4.45,67.6,78.8,56.3
1968-08-01,2.39,66.7,78.3,55
1968-09-01,5.73,58.4,68.6,48.2
1968-10-01,2.62,48.9,58.6,39.3
1968-11-01,1.11,32.3,39.4,25.2
1968-12-01,2.98,17.7,25.6,9.8
1969-01-01,2.7,11,19.3,2.6
1969-02-01,0.11,18.5,28.5,8.6
1969-03-01,1,23.7,35,12.5
1969-04-01,2.22,44.9,56.4,33.5
1969-05-01,2.95,55.5,68.2,42.8
1969-06-01,6.06,57.4,67.7,47
1969-07-01,3.72,67.8,79,56.6
1969-08-01,1.28,69,82.2,55.8
1969-09-01,2.32,58.1,69.6,46.6
1969-10-01,3.59,44,53,34.9
1969-11-01,0.95,30.8,39.5,22.1
1969-12-01,1.57,19.6,26.8,12.3
1970-01-01,0.67,6.2,15.7,-3.4
1970-02-01,0.26,14.8,27,2.7
1970-03-01,1.32,25.1,35.8,14.5
1970-04-01,1.82,43.9,54.9,32.8
1970-05-01,5.99,55.2,66.4,44.1
1970-06-01,2.63,65.8,77.6,53.9
1970-07-01,4.03,70.4,82.7,58.1
1970-08-01,1.5,67.3,80.3,54.3
1970-09-01,6.02,58.4,68.7,48.1
1970-10-01,4.12,48.6,57.9,39.2
1970-11-01,2.61,31.3,38.1,24.5
1970-12-01,1.43,18.1,26.6,9.6
1971-01-01,1.79,6.2,16.1,-3.7
1971-02-01,2.56,15.3,25,5.7
1971-03-01,1.32,24.6,34.2,15
1971-04-01,1.45,42.4,55.2,29.7
1971-05-01,3.21,51.6,65.1,38.1
1971-06-01,3.58,67.8,79.7,55.9
1971-07-01,3.82,65.4,77,53.7
1971-08-01,3.12,64.2,76.8,51.7
1971-09-01,3.53,60.2,71,49.4
1971-10-01,2.99,53.3,62.5,44
1971-11-01,2.74,32.7,40.1,25.3
1971-12-01,2.44,20.5,28,13
1972-01-01,0.92,7.4,18.4,-3.7
1972-02-01,0.74,11.8,22.6,1
1972-03-01,1.98,23.9,33.8,13.9
1972-04-01,2.25,38.4,48.9,27.9
1972-05-01,2.4,58.1,71.5,44.7
1972-06-01,3.11,62.2,75.4,48.9
1972-07-01,5.53,66.6,77.4,55.8
1972-08-01,6.44,66.3,76.4,56.2
1972-09-01,5.88,56.8,67,46.4
1972-10-01,2.69,43,52.4,33.6
1972-11-01,1.61,31.1,36.2,25.9
1972-12-01,2.42,13.8,21.5,6.1
1973-01-01,1.18,17.4,26.4,8.4
1973-02-01,0.94,19.8,28.7,10.9
1973-03-01,3.24,37.6,46.2,29
1973-04-01,4.19,41.6,51.1,32.2
1973-05-01,6.68,51,61.3,40.8
1973-06-01,3.07,65.8,77,54.6
1973-07-01,2.59,69.5,80.8,58.2
1973-08-01,3.97,68.8,79.3,58.3
1973-09-01,3.65,57.9,67.9,48
1973-10-01,2.66,52.3,62.8,41.7
1973-11-01,1.55,32.6,40,25.2
1973-12-01,1.76,17.5,25.2,9.7
1974-01-01,1.01,13.5,22,5
1974-02-01,1.05,15.4,26.8,4
1974-03-01,1.68,28.4,37.1,19.7
1974-04-01,3.12,44.3,55.8,32.8
1974-05-01,3.86,51.3,62.2,40.5
1974-06-01,4.35,61,73,49
1974-07-01,2.69,70.7,82.9,58.5
1974-08-01,4.33,64.8,76.1,53.5
1974-09-01,1.88,53.2,65,41.2
1974-10-01,1.84,46.5,57.4,35.7
1974-11-01,1.94,33.9,41.5,26.3
1974-12-01,1.23,23.2,30.5,15.8
1975-01-01,1.65,15.6,24.8,6.5
1975-02-01,1.2,16.8,26.3,7.4
1975-03-01,2.21,22.8,33.3,12.3
1975-04-01,3.69,36.8,46.8,26.7
1975-05-01,2.7,58.4,70.8,46
1975-06-01,4.77,64.4,74.8,53.9
1975-07-01,1.93,70.2,81.8,58.6
1975-08-01,5.72,67,78.5,55.4
1975-09-01,2.49,53.9,64.9,43
1975-10-01,0.94,49.3,61.8,36.8
1975-11-01,4.04,37,46.7,27.2
1975-12-01,1.14,19.2,27.1,11.2
1976-01-01,1.34,10,20.8,-0.7
1976-02-01,1.38,24.1,34.2,14
1976-03-01,3.77,29.7,39.5,19.8
1976-04-01,3.11,46,58.1,33.9
1976-05-01,2.11,52.7,65.8,39.5
1976-06-01,2.15,66.6,80,53.3
1976-07-01,2.8,70,83.9,56.1
1976-08-01,1.76,66.4,80.3,52.5
1976-09-01,0.95,56.6,70.8,42.3
1976-10-01,0.99,41.4,53,29.8
1976-11-01,0.23,24.7,34.7,14.7
1976-12-01,0.47,8.4,19.4,-2.5
1977-01-01,0.57,0.6,10.9,-9.7
1977-02-01,0.94,18.7,29,8.4
1977-03-01,4.02,35.8,45.1,26.6
1977-04-01,3.2,48.9,61.6,36.2
1977-05-01,2.65,63,77,49.1
1977-06-01,4.04,63.1,75.1,51.2
1977-07-01,4.78,71,82.6,59.4
1977-08-01,4.69,62.8,74.1,51.5
1977-09-01,4.51,58.1,66.8,49.3
1977-10-01,2.52,45.8,56.5,35.1
1977-11-01,2.56,31.6,39.5,23.7
1977-12-01,1.76,15.8,23.5,8.1
1978-01-01,0.89,7.7,17.6,-2.1
1978-02-01,0.32,9.9,21.9,-2
1978-03-01,0.38,26,37.8,14.3
1978-04-01,3.58,41.4,52.1,30.8
1978-05-01,4.04,56.5,69,44
1978-06-01,4.47,63.5,75.7,51.2
1978-07-01,6.77,66.9,76.9,56.8
1978-08-01,4.71,67,78.5,55.5
1978-09-01,5.09,61.8,73,50.6
1978-10-01,1.44,45.9,56,35.7
1978-11-01,2.27,30.8,40.1,21.5
1978-12-01,1.34,14.4,23.4,5.5
1979-01-01,1.54,2.5,12,-7
1979-02-01,1.28,8.3,19.4,-2.8
1979-03-01,3.52,27.7,36.4,19
1979-04-01,1.91,39.6,49.7,29.6
1979-05-01,3.71,51.8,63.6,40
1979-06-01,4.35,63,74.9,51.1
1979-07-01,3.42,68.2,80,56.5
1979-08-01,5.14,64.7,74.8,54.6
1979-09-01,0.99,59.3,71.2,47.3
1979-10-01,3.64,44.4,53.8,35
1979-11-01,2.01,31.2,38.6,23.8
1979-12-01,0.83,24.2,33,15.3
1980-01-01,1.69,13.6,22.2,5
1980-02-01,0.41,14.1,24.5,3.7
1980-03-01,0.75,24.8,35,14.5
1980-04-01,2,44.7,56.4,33
1980-05-01,2.49,57.5,71.5,43.6
1980-06-01,5,63.1,75.2,51
1980-07-01,3.46,70.3,82.4,58.2
1980-08-01,7.81,67.4,77.4,57.4
1980-09-01,6.2,57.2,67.6,46.9
1980-10-01,1.88,42.2,52,32.3
1980-11-01,0.77,33.3,41.8,24.8
1980-12-01,0.97,17.6,25.6,9.7
1981-01-01,0.13,15.1,25.5,4.8
1981-02-01,2.45,21.3,30.6,12
1981-03-01,0.7,33,43.9,22.1
1981-04-01,4.26,45.6,56.9,34.4
1981-05-01,1.93,53.2,66.3,40
1981-06-01,5.09,64.4,75.4,53.3
1981-07-01,3.39,68.2,79.3,57.1
1981-08-01,4.95,66.7,77,56.5
1981-09-01,2.89,56.2,67.2,45.2
1981-10-01,3.29,43.6,53.3,33.9
1981-11-01,0.89,35.7,44.9,26.5
1981-12-01,1.05,18.6,26.4,10.7
1982-01-01,1.8,3.3,14.3,-7.7
1982-02-01,0.26,14.6,25.4,3.8
1982-03-01,1.95,26.9,35.8,17.9
1982-04-01,3.17,39,50.4,27.7
1982-05-01,4.2,59.2,70.5,48
1982-06-01,2.71,58.8,71.2,46.3
1982-07-01,5.37,69.6,80.9,58.4
1982-08-01,3.47,64.7,76,53.4
1982-09-01,3.54,56.7,66.4,46.9
1982-10-01,3.64,47.9,58,37.8
1982-11-01,3.67,31.1,38.9,23.4
1982-12-01,2.81,25.4,32.5,18.2
1983-01-01,1.03,18.7,26.4,11.1
1983-02-01,1.2,25.2,32.2,18.2
1983-03-01,1.93,31.5,39,24
1983-04-01,2.27,39.5,49.1,29.9
1983-05-01,4.39,49.9,60.9,38.9
1983-06-01,2.31,64.5,76.5,52.5
1983-07-01,3.95,72.8,84.3,61.2
1983-08-01,4.96,71,82.5,59.6
1983-09-01,4.52,59.1,69.7,48.4
1983-10-01,3.06,47,56.6,37.4
1983-11-01,3.72,34.2,41,27.3
1983-12-01,1.45,6.9,15.6,-1.8
1984-01-01,0.51,11.2,20.5,1.9
1984-02-01,1.39,27.2,35.7,18.8
1984-03-01,1.32,23.7,33.2,14.2
1984-04-01,3.63,44.5,55,33.9
1984-05-01,2.79,51.9,63.8,40
1984-06-01,5.34,65.8,76.9,54.7
1984-07-01,3.38,67.6,79.4,55.8
1984-08-01,3.27,69.2,80.4,58
1984-09-01,4.25,55.9,67.2,44.6
1984-10-01,4.68,49.5,58.6,40.3
1984-11-01,2.2,32.2,41.2,23.2
1984-12-01,2.22,20.2,29.1,11.3
1985-01-01,0.71,10.2,20,0.4
1985-02-01,1.27,14.6,24.3,4.9
1985-03-01,2.77,34.1,43.9,24.2
1985-04-01,2.42,47.9,59.1,36.7
1985-05-01,3.21,58.6,71.3,46
1985-06-01,2.98,61.2,73.4,48.9
1985-07-01,3.3,67.9,80.5,55.3
1985-08-01,4.83,64.1,74.7,53.5
1985-09-01,6.25,58,67.8,48.2
1985-10-01,3.25,46.2,56.7,35.7
1985-11-01,4.26,26.6,33.9,19.4
1985-12-01,1.61,7.5,17.5,-2.4
1986-01-01,0.67,14.7,24.5,5
1986-02-01,1.3,15.7,25,6.4
1986-03-01,1.85,32.1,42.5,21.7
1986-04-01,2.86,47.8,59.2,36.3
1986-05-01,2.14,57.2,69.3,45.2
1986-06-01,4.41,63.9,76.2,51.7
1986-07-01,5.49,70.1,80.5,59.7
1986-08-01,3.78,63.2,74.4,52
1986-09-01,8.38,58.1,67.2,49
1986-10-01,2.69,46.6,56.4,36.7
1986-11-01,1.14,28,36.8,19.2
1986-12-01,0.5,22.1,29.1,15.1
1987-01-01,0.67,19.4,27.5,11.4
1987-02-01,0.15,27.1,37.2,17
1987-03-01,1.38,35.1,45.4,24.7
1987-04-01,1.93,48.5,62.1,34.9
1987-05-01,3.32,58.4,71.2,45.6
1987-06-01,2.34,68,80.8,55.2
1987-07-01,5.34,71.8,82.8,60.8
1987-08-01,3.79,66.2,76.6,55.8
1987-09-01,2.82,59.2,70.7,47.6
1987-10-01,1.9,41.2,51.6,30.8
1987-11-01,2.88,36.1,44.1,28.1
1987-12-01,2.06,24.8,31,18.7
1988-01-01,1.31,9.8,20,-0.4
1988-02-01,0.32,12.6,23.8,1.4
1988-03-01,1.57,30.5,40.4,20.5
1988-04-01,1.95,44,56.8,31.1
1988-05-01,1.32,59.5,74.7,44.2
1988-06-01,1.54,68.2,83.2,53.3
1988-07-01,2.61,72.4,86,58.8
1988-08-01,4.24,70.9,82.4,59.3
1988-09-01,4.43,59.3,70.9,47.8
1988-10-01,1.67,41.2,51.8,30.5
1988-11-01,3.42,33.9,40.7,27.1
1988-12-01,1.21,18.8,28.1,9.5
1989-01-01,0.71,21.1,30.3,11.9
1989-02-01,0.47,10,21.2,-1.1
1989-03-01,1.92,25,35.1,14.8
1989-04-01,1.43,41.3,52.8,29.9
1989-05-01,4.1,54.2,66.9,41.5
1989-06-01,2.63,62.7,74.6,50.9
1989-07-01,3.17,70.3,82.3,58.4
1989-08-01,3.99,66.9,78.4,55.4
1989-09-01,1.88,57.3,69.8,44.8
1989-10-01,2.41,47.8,60.1,35.4
1989-11-01,1.3,28.2,36.9,19.5
1989-12-01,0.47,8.5,17.8,-0.7
1990-01-01,0.94,24.1,33.5,14.6
1990-02-01,0.74,20.4,31.9,8.9
1990-03-01,2.9,33.3,43.6,23.1
1990-04-01,2.71,45.5,57.3,33.7
1990-05-01,4.23,51.8,63.6,40.1
1990-06-01,6.63,64.9,76.1,53.6
1990-07-01,3.14,67.8,78.7,56.9
1990-08-01,5.41,66.7,77.5,55.9
1990-09-01,3.67,60.3,70.9,49.6
1990-10-01,2.81,45.1,56.5,33.8
1990-11-01,1.26,36.9,46.5,27.2
1990-12-01,1.57,17.7,27,8.6
1991-01-01,0.65,10.6,20.3,0.8
1991-02-01,0.64,22.1,32.6,11.6
1991-03-01,2.88,32,42.2,21.9
1991-04-01,3.88,46.7,58.2,35.1
1991-05-01,4.85,59.6,70,49.2
1991-06-01,3.66,68.2,79.7,56.8
1991-07-01,4.85,68.4,79,57.7
1991-08-01,2.39,68.1,79.6,56.6
1991-09-01,4.75,56.4,66.7,46.1
1991-10-01,3.36,45.4,56,34.7
1991-11-01,5.28,26.3,34.4,18.2
1991-12-01,1.28,20.8,29.4,12.2
1992-01-01,0.79,20.3,27.4,13.1
1992-02-01,0.82,25.4,33,17.8
1992-03-01,1.9,30.1,39.4,20.8
1992-04-01,3.04,40.4,49.3,31.6
1992-05-01,2.05,56.2,69.7,42.7
1992-06-01,2.15,61.6,73.7,49.4
1992-07-01,4.27,63.3,73.7,52.9
1992-08-01,2.87,62.7,74.4,50.9
1992-09-01,5.84,56.4,66.9,45.9
1992-10-01,1.65,45.2,56.1,34.2
1992-11-01,3.79,30.5,35.9,25.2
1992-12-01,1.84,20.7,28.2,13.2
1993-01-01,1.42,15.1,24.6,5.6
1993-02-01,0.48,16.8,26.4,7.3
1993-03-01,1.15,28.4,38.7,18.1
1993-04-01,4.32,39.8,50,29.6
1993-05-01,4.87,54.8,65.7,43.9
1993-06-01,7.12,61.5,71.8,51.1
1993-07-01,4.95,67.9,77.4,58.3
1993-08-01,4.01,67.9,78.3,57.5
1993-09-01,3.36,52.5,62.7,42.4
1993-10-01,1.61,44.1,55.2,33.1
1993-11-01,1.78,30.2,37.8,22.6
1993-12-01,0.58,21.6,28,15.3
1994-01-01,1.27,3.9,14,-6.2
1994-02-01,1.11,11.7,22.1,1.3
1994-03-01,0.76,31.6,41.6,21.6
1994-04-01,3.62,43.3,55.4,31.2
1994-05-01,1.79,55.4,69,41.8
1994-06-01,3.67,66.5,78.6,54.3
1994-07-01,4.99,67,77.3,56.6
1994-08-01,3.98,64,74.6,53.4
1994-09-01,5.23,61.1,71.2,51.1
1994-10-01,1.73,49.4,59.2,39.5
1994-11-01,2.21,36.5,45,28
1994-12-01,0.53,25.3,33.4,17.3
1995-01-01,0.74,16.8,24.4,9.2
1995-02-01,0.34,17.8,27.4,8.2
1995-03-01,2.17,32.3,42.3,22.3
1995-04-01,2.94,38.4,48.5,28.3
1995-05-01,3.64,53.8,65.7,42
1995-06-01,2.25,68.5,80.7,56.2
1995-07-01,3.54,70,81,58.9
1995-08-01,7.24,71.8,81.2,62.4
1995-09-01,2.11,56.4,68.1,44.6
1995-10-01,4.95,47.3,56.8,37.8
1995-11-01,1.97,24.4,32.1,16.7
1995-12-01,0.99,16.2,24.3,8.1
1996-01-01,2.64,10.1,21.3,-1.2
1996-02-01,0.7,15.8,25.8,5.7
1996-03-01,1.5,23.1,33.6,12.6
1996-04-01,2.42,38.8,50.1,27.5
1996-05-01,2.56,51.5,62.4,40.6
1996-06-01,6.4,64.4,74.8,54.1
1996-07-01,4.27,65.7,76.6,54.8
1996-08-01,2.38,67.1,78.9,55.4
1996-09-01,2.43,58.8,69.1,48.4
1996-10-01,3.61,46.7,58,35.5
1996-11-01,2.28,25.8,33.2,18.5
1996-12-01,1.81,17.9,24.9,10.9
1997-01-01,1.98,11.6,20.4,2.9
1997-02-01,0.88,20.7,30,11.4
1997-03-01,1.87,28.9,38.2,19.5
1997-04-01,0.97,41.1,53,29.2
1997-05-01,3.01,49.3,60.8,37.7
1997-06-01,4.11,66,78.3,53.8
1997-07-01,4.99,67.7,78.2,57.1
1997-08-01,4.18,63.6,73.9,53.4
1997-09-01,2.9,59.4,70,48.7
1997-10-01,2.18,47.5,58.1,36.9
1997-11-01,0.73,29.7,36.7,22.7
1997-12-01,0.63,26.2,32.6,19.8
1998-01-01,1.79,20.3,26.8,13.8
1998-02-01,1.59,31.6,38.6,24.5
1998-03-01,3.65,31.3,39.6,23
1998-04-01,2.34,47,59,35
1998-05-01,3.42,60.9,74.1,47.8
1998-06-01,6.22,63.5,74.1,52.9
1998-07-01,1.71,69.4,81.1,57.6
1998-08-01,4.21,68.9,80,57.9
1998-09-01,2.3,63.1,76,50.1
1998-10-01,2.74,49,59.2,38.9
1998-11-01,1.77,37.2,44.9,29.5
1998-12-01,0.69,25.4,35.1,15.8
1999-01-01,2.13,12,20.7,3.2
1999-02-01,1.18,26.6,35.4,17.9
1999-03-01,0.53,31.8,42.9,20.8
1999-04-01,4.13,46.6,57.8,35.3
1999-05-01,4.88,58,69.5,46.4
1999-06-01,4.18,65.4,76.6,54.2
1999-07-01,7.58,72.4,83.4,61.5
1999-08-01,3.28,65.9,76.4,55.3
1999-09-01,2.12,57.8,70,45.7
1999-10-01,1.28,45.7,57.5,33.9
1999-11-01,1.25,39.6,50.6,28.6
1999-12-01,0.71,22.7,31,14.3
2000-01-01,1.17,15.1,24.8,5.3
2000-02-01,1.27,25.3,35.5,15.1
2000-03-01,1.36,38.4,49.4,27.4
2000-04-01,2.42,42.9,54.7,31.1
2000-05-01,4.26,57.1,68.8,45.4
2000-06-01,6.69,62.8,73.5,52.1
2000-07-01,4.33,67.6,78.1,57.1
2000-08-01,3.8,67.6,78.2,56.9
2000-09-01,3.78,58.1,69.4,46.8
2000-10-01,0.89,50.5,61.8,39.2
2000-11-01,2.71,32.4,39,25.7
2000-12-01,1.51,8.6,17.6,-0.3
2001-01-01,1.17,19.1,28.2,10
2001-02-01,1.65,14.8,24.8,4.9
2001-03-01,0.68,28,37.7,18.2
2001-04-01,4.86,46.8,58.1,35.5
2001-05-01,4.91,57,68.3,45.6
2001-06-01,4.73,64.4,75.2,53.7
2001-07-01,2.61,70,82.1,57.8
2001-08-01,4.48,69.7,81.1,58.3
2001-09-01,4.04,57.3,68,46.6
2001-10-01,2.43,46.1,56.5,35.8
2001-11-01,2.26,43.2,52.7,33.8
2001-12-01,1.23,27.5,34.9,20
2002-01-01,0.5,24,32.2,15.9
2002-02-01,1.78,26.7,36.1,17.4
2002-03-01,2.27,24.8,34.7,14.9
2002-04-01,4.21,42.9,53.2,32.6
2002-05-01,3,50.8,62.4,39.1
2002-06-01,5.64,66.4,77.1,55.6
2002-07-01,3.63,72.7,84,61.4
2002-08-01,4.58,67.4,78.5,56.4
2002-09-01,4.57,61.6,72.7,50.4
2002-10-01,3.93,42.1,50.7,33.4
2002-11-01,0.39,31.4,39.8,23.1
2002-12-01,0.58,24.2,32.2,16.3
2003-01-01,0.36,13.7,22.5,4.9
2003-02-01,0.64,13.7,24.8,2.6
2003-03-01,1.85,29.1,39.9,18.3
2003-04-01,2.76,42.6,54.7,30.4
2003-05-01,4.82,53.8,65.9,41.6
2003-06-01,3.35,63.1,75.1,51.1
2003-07-01,3.28,68.4,80,56.7
2003-08-01,1.96,70.1,82.4,57.9
2003-09-01,3.15,59.4,70.9,47.8
2003-10-01,1.37,46.8,58.3,35.3
2003-11-01,3.17,32.9,40.6,25.1
2003-12-01,1.31,24.8,32.8,16.7
2004-01-01,0.81,10.7,19.2,2.3
2004-02-01,1.66,20.8,30.6,11
2004-03-01,3.08,33.6,42.4,24.8
2004-04-01,2.17,44.6,57.2,31.9
2004-05-01,7.54,53.1,64.6,41.6
2004-06-01,4.57,62,73.2,50.7
2004-07-01,3.1,66.8,77.7,55.9
2004-08-01,3.05,62.2,73.2,51.2
2004-09-01,2.17,63.1,75.2,50.9
2004-10-01,3.61,48.2,58.4,38
2004-11-01,1.65,36.7,45,28.4
2004-12-01,1.5,20.4,29,11.9
2005-01-01,1.66,14.2,22.6,5.8
2005-02-01,1.24,24.8,33.5,16.1
2005-03-01,1.22,27.4,38.7,16.1
2005-04-01,1.6,47.7,60.7,34.7
2005-05-01,2.61,52.7,63.4,41.9
2005-06-01,3.81,69.4,81,57.8
2005-07-01,3.08,70.7,82.7,58.7
2005-08-01,2.7,68.2,79.8,56.5
2005-09-01,3.77,63.3,75.5,51.2
2005-10-01,2.92,49.6,60.5,38.7
2005-11-01,2.92,34.5,43.4,25.6
2005-12-01,1.02,18.3,24.8,11.8
2006-01-01,1.4,27.7,34.4,21.1
2006-02-01,0.75,18.4,28.1,8.6
2006-03-01,2.09,31.6,41.2,22.1
2006-04-01,2.62,49,61.7,36.4
2006-05-01,4.16,56.5,67.3,45.7
2006-06-01,2.22,65.1,77.5,52.6
2006-07-01,3.5,72.8,85.4,60.3
2006-08-01,4.34,68,78.9,57.1
2006-09-01,3.19,56.4,67.1,45.7
2006-10-01,2.32,42.8,53,32.7
2006-11-01,1.71,36.4,44.4,28.4
2006-12-01,1.78,27.2,34.2,20.2
2007-01-01,0.93,20.3,28.3,12.3
2007-02-01,1.11,11.7,20.6,2.8
2007-03-01,2.29,34.6,45,24.2
2007-04-01,2.48,42.8,54.2,31.5
2007-05-01,2.62,59.1,71.9,46.3
2007-06-01,2.99,66.9,79.4,54.4
2007-07-01,3.06,69.5,81.6,57.3
2007-08-01,6.94,68.4,79.1,57.7
2007-09-01,3.3,61.1,72.8,49.4
2007-10-01,4.85,52.6,62.2,43
2007-11-01,0.31,32.8,40.9,24.6
2007-12-01,2.61,17.1,25.2,9
2008-01-01,1.32,14.7,23.2,6.1
2008-02-01,1.61,13.2,23.7,2.8
2008-03-01,1.1,25.4,36.1,14.6
2008-04-01,5.19,42.9,53.2,32.6
2008-05-01,3.11,52,64.8,39.2
2008-06-01,6.19,64.4,75.3,53.6
2008-07-01,3.97,69,80.6,57.4
2008-08-01,1.67,66.5,79.2,53.8
2008-09-01,2.67,60.5,71.4,49.7
2008-10-01,2.12,46.7,57.1,36.3
2008-11-01,1.28,33.3,41.3,25.3
2008-12-01,2.49,12.7,23.2,2.2
2009-01-01,0.63,6.1,16.9,-4.6
2009-02-01,1.1,20.4,30.6,10.1
2009-03-01,2.17,30.1,40.8,19.4
2009-04-01,3.08,43,54.4,31.6
2009-05-01,2.88,55.1,67.2,43
2009-06-01,3.29,63.6,74.7,52.4
2009-07-01,2.17,63.7,74.8,52.5
2009-08-01,4.79,64.8,75.7,54
2009-09-01,1.15,61.4,73.7,49.1
2009-10-01,5.36,42.2,49.7,34.7
2009-11-01,0.85,40,49.1,31
2009-12-01,2.29,18.2,25.6,11
2010-01-01,0.89,15.1,22.9,7.4
2010-02-01,0.57,20,29.8,10.2
2010-03-01,0.73,37.4,49.4,25.5
2010-04-01,2.34,50,63,36.9
2010-05-01,3.15,57.6,69.8,45.5
2010-06-01,7.12,65.1,75,55.1
2010-07-01,7.5,71.4,81.5,61.3
2010-08-01,4.64,70.8,81.3,60.3
2010-09-01,6.31,56.9,67.3,46.4
2010-10-01,2.34,49.5,62,36.9
2010-11-01,1.71,34.9,43.5,26.2
2010-12-01,1.72,16.9,24.4,9.5
2011-01-01,0.91,12.2,20.1,4.4
2011-02-01,1.13,18.5,27.7,9.2
2011-03-01,2.38,28,38,18
2011-04-01,3.71,41.7,51.4,32
2011-05-01,3.05,54,64.7,43.2
2011-06-01,4.22,64.3,75.2,53.4
2011-07-01,4.61,73.2,84.1,62.3
2011-08-01,3.04,68.2,79.7,56.8
2011-09-01,3.08,57.3,67.8,46.7
2011-10-01,1.51,49.8,61.2,38.4
2011-11-01,1.95,36.7,44.8,28.5
2011-12-01,1.45,25.7,33.3,18.1
2012-01-01,1.02,20.8,29.8,11.8
2012-02-01,1.29,26.6,35.1,18
2012-03-01,2,45.6,56.1,35.1
2012-04-01,2.68,45.1,56.8,33.3
2012-05-01,4.81,59.6,72.2,46.9
2012-06-01,3.34,67.1,79.7,54.6
2012-07-01,3.19,74.8,87.2,62.5
2012-08-01,2.34,67.1,79.6,54.6
2012-09-01,1.5,57.7,71.3,44.1
2012-10-01,3.78,44.8,55.3,34.4
2012-11-01,1.11,34.4,43.3,25.5
2012-12-01,1.74,25.1,32.3,17.9
2013-01-01,1.69,16.8,26,7.5
2013-02-01,1.63,17,26.2,7.8
2013-03-01,1.93,23.9,33.7,14.1
2013-04-01,4.85,37.8,46.8,28.8
2013-05-01,5.37,55.2,67,43.3
2013-06-01,6.21,63.9,74.3,53.5
2013-07-01,2.46,68.9,79.8,58
2013-08-01,2.77,67.6,79.6,55.5
2013-09-01,2.17,60.8,73,48.5
2013-10-01,3.54,46.7,56.6,36.8
2013-11-01,2.33,30.8,39,22.6
2013-12-01,1.58,11.9,20.7,3.2
2014-01-01,1.13,6,16.2,-4.2
2014-02-01,1.27,7.3,18.4,-3.8
2014-03-01,1.1,21.4,32.3,10.6
2014-04-01,5.04,39.7,50.2,29.2
2014-05-01,3.8,55.3,66.7,43.8
2014-06-01,6.71,66.4,77,55.7
2014-07-01,2.51,65.9,76.6,55.1
2014-08-01,5.2,67.1,77.6,56.6
2014-09-01,3.86,58.2,69.4,47.1
2014-10-01,3.07,46,55.6,36.5
2014-11-01,2.03,25.3,32.8,17.8
2014-12-01,1.36,24.1,30,18.2
2015-01-01,0.53,15.3,22.9,7.6
2015-02-01,0.42,7.6,18,-2.7
2015-03-01,0.73,30.7,42.3,19.2
2015-04-01,2.94,45,57.3,32.6
2015-05-01,4.65,56.6,68.3,44.8
2015-06-01,4.44,63.8,75,52.6
2015-07-01,3.38,68.4,79.7,57.1
2015-08-01,4,66.1,76.3,55.9
2015-09-01,4.39,64.7,75.2,54.1
2015-10-01,2.7,48.4,59,37.9
2015-11-01,3.42,39.4,48.2,30.5
2015-12-01,4.28,31.8,37.1,26.4
2016-01-01,0.84,16.2,23.7,8.6
2016-02-01,0.82,22.6,31,14.3
2016-03-01,3.93,36.8,46,27.6
2016-04-01,2.21,42.9,53.3,32.6
2016-05-01,3.06,56.1,68.8,43.3
2016-06-01,5.36,65.8,77.3,54.4
2016-07-01,5.2,69.9,80.6,59.3
2016-08-01,5.21,69.5,79.6,59.3
2016-09-01,5.99,62.6,72.1,53.1
2016-10-01,2.95,50.4,60.3,40.5
2016-11-01,1.84,41.6,51.2,32.1
2016-12-01,1.98,19.9,26.2,13.6
2017-01-01,2.03,19.4,26.4,12.5
2017-02-01,1.34,27.8,37.4,18.2
2017-03-01,1.99,30.2,39.3,21
2017-04-01,4.59,46.4,57.5,35.3
2017-05-01,4.94,53.3,64.1,42.5
2017-06-01,5.94,65.6,77.2,53.9
2017-07-01,4.46,68.8,80.1,57.5
2017-08-01,4.1,64.2,74.7,53.7
2017-09-01,1.9,62.2,73.8,50.6
2017-10-01,4.3,50,59.6,40.4
2017-11-01,0.91,31.4,39.5,23.3
2017-12-01,1.07,17.3,24.8,9.8
2018-01-01,1.2,15.2,24.5,6
2018-02-01,1.51,16.1,26.6,5.5
2018-03-01,0.92,29.7,40.2,19.1
2018-04-01,2.53,33.5,44.8,22.2
2018-05-01,4.7,62,74.9,49
2018-06-01,5.44,66.5,77,56
2018-07-01,3.11,69.8,81.4,58.3
2018-08-01,6.07,68.5,79.2,57.8
2018-09-01,5.52,61.2,71.3,51.2
2018-10-01,5.25,43.6,52.1,35.1
2018-11-01,1.94,27.3,33.4,21.2
2018-12-01,1.55,25.1,31.6,18.7
2019-01-01,1.43,13.1,21.3,5
2019-02-01,3.12,13.5,23.3,3.6
2019-03-01,1.34,25.7,37,14.4
2019-04-01,3.72,42.4,52.7,32
2019-05-01,5.56,51.8,62.3,41.2
2019-06-01,3.91,63.6,75.2,51.9
2019-07-01,5.33,71.3,82.1,60.5
2019-08-01,3.54,65.6,76.6,54.6
2019-09-01,7.03,62,70.9,53
2019-10-01,4.88,45,53.5,36.4
2019-11-01,2.03,28.2,34.4,22.1
2019-12-01,2.66,23.5,31.3,15.8
2020-01-01,1.34,21.5,28.7,14.4
2020-02-01,0.68,19.2,30,8.4
2020-03-01,3.04,34.3,42.7,26
2020-04-01,2.27,40.7,51.7,29.7
2020-05-01,3.97,54.1,65,43.1
2020-06-01,5,66.5,78.6,54.5
2020-07-01,5.55,71.9,82.8,61
2020-08-01,3.33,68.3,79.7,56.9
2020-09-01,3.17,57.3,67.4,47.2
2020-10-01,3,41.3,50.4,32.2
2020-11-01,2.06,38.6,48.1,29.1
2020-12-01,0.78,24.2,32,16.5
2021-01-01,0.84,20.3,27.5,13
2021-02-01,0.88,10.7,21,0.5
2021-03-01,1.87,36.9,47.9,26
2021-04-01,2.36,45,55.9,34
2021-05-01,2.99,54.9,66.4,43.3
2021-06-01,3.9,69.4,81.5,57.2
2021-07-01,4.36,69.4,80.9,57.9
2021-08-01,5.46,69.2,80.4,58
2021-09-01,2.07,61.2,73.4,49
2021-10-01,2.02,53.5,63,44
2021-11-01,1.24,33.9,42.9,24.8
2021-12-01,1.91,24.8,33.2,16.6
2022-01-01,0.5,9.2,19.6,-1.2
2022-02-01,0.65,14.9,25.8,4.1
2022-03-01,3.19,29.5,38.8,20.2
2022-04-01,3.39,39,48,30.1
2022-05-01,3.9,57.2,68.2,46.2
2022-06-01,3.04,65.5,77.6,53.4
2022-07-01,3.63,69.4,80.6,58.1
2022-08-01,4.9,67.5,77.9,57
2022-09-01,2.71,60.4,71.1,49.6
2022-10-01,1.17,47.2,58.8,35.7
2022-11-01,3.07,35.3,44.3,26.4
2022-12-01,2.13,19.2,26,12.3
2023-01-01,1.72,23,28.4,17.6
2023-02-01,2.41,21.7,31.6,11.8
2023-03-01,2.44,28.7,38.4,19.1
2023-04-01,4.04,43.4,54.1,32.6
2023-05-01,1.61,56.8,69.7,43.8
2023-06-01,1.89,66.6,79.7,53.4
2023-07-01,3.87,68.5,80.7,56.3
2023-08-01,2.44,67.6,79.1,56.1
2023-09-01,3.54,63.2,73.1,53.2
2023-10-01,4.17,49.4,58.3,40.4
2023-11-01,0.53,34.5,43.9,25
2023-12-01,1.47,32.1,38.5,25.8
